{
    "title":"Map Process",
    "description":"Map data rows' value and metadata",
    "keywords":[["general"],"map value and metadata"],
    "breadcrumb":{"Processes":"javascript:void 0","Advanced":"javascript:void 0"},
    "meta":{
        "Description":["md","_description.md"],
        "index.php":["php","run.php"],
        "MyReport.php":["php","MyReport.php"],
        "MyReport.view.php":["html","MyReport.view.php"],
        "data.csv":["csv","../../../databases/customer_product_dollarsales2.csv",";"]
    }
}